Researcher,Layer,Longitude/бу,Latitude/бу,Altitude/m,MAP/mm,MAT/буC,AI,pH,Sand/%,Silt/%,Clay/%,AGB/ (g m^-2),NPP/ (g C m^-2 yr^-1),NDVI,Coverage/%,SOCD/ (kg m^-2),STND/ (kg m^-2)
"Sun et al., 2020",Surface,80.84,31.17,4548.95,112.39,0.79,10.41612604,7.17,57.33,29.23,13.4,21.59,60.8,0.214,12,4.04736,0.4608
"Sun et al., 2020",Surface,81.98,32.07,4597.22,134.67,0.52,12.8013308,8.5,48.8,33.23,17.97,26.79,53.7,0.1308,5.5,4.15104,0.41856
"Sun et al., 2020",Surface,83.11,30.19,4582.93,217.96,0.75,20.27534884,7.6,70,17.87,12.1,19.58,57.2,0.1408,9,3.56685,0.41475
"Sun et al., 2020",Surface,84.33,32.26,4536.6,228.26,0.82,21.0961183,8.67,50.63,27.93,21.4,57.2,55.3,0.1353,2.85,15.202195,0.25952
"Sun et al., 2020",Surface,85.26,32.02,4643.9,266.76,0.36,25.74903475,8.67,51.97,27.17,20.87,59.48,48,0.1145,2.06,13.055455,0.494375
"Sun et al., 2020",Surface,86.1,31.87,4786.6,299.05,-0.08,30.14616935,8.67,49.4,32.03,18.57,68.79,66.1,0.1665,7.12,12.82905,0.4214
"Sun et al., 2020",Surface,86.28,28.8,4420.09,335.85,2.68,26.48659306,7.37,50.03,31.03,18.9,60.45,54.3,0.2004,11.76,6.9394,0.757525
"Sun et al., 2020",Surface,86.85,31.94,4566.8,323.44,0.92,29.61904762,8.6,52.3,29.07,18.63,54.8,54.8,0.1437,4,10.83502,0.412584444
"Sun et al., 2020",Surface,87.81,31.86,4592.7,355.92,0.92,32.59340659,8.13,47.33,32.5,20.17,78.8,78.8,0.1714,7.79,10.81252,0.392529444
"Sun et al., 2020",Surface,88.52,31.78,4548.09,372.56,1.14,33.44344704,8,50.6,32.77,16.67,28.74,84.8,0.1847,9.6,3.72588,0.38796
"Sun et al., 2020",Surface,88.65,31.69,4579,386.29,1.05,34.95837104,7.83,48.17,31,20.73,104.8,95.3,0.1941,10.9,5.2095,0.283125
"Sun et al., 2020",Surface,89.43,31.63,4651.2,406.16,0.4,39.05384615,7.6,58.27,25.37,16.37,114,114,0.2466,18.08,4.45959,0.056255556
"Sun et al., 2020",Surface,90.26,31.39,4648.1,434.45,0.57,41.10217597,7.73,64.4,21.2,14.4,66.1,77.9,0.1874,9.98,5.07947,0.544934861
"Sun et al., 2020",Surface,90.36,28.9,4542.88,355.52,3.36,26.61077844,7.3,50.83,36.3,12.9,80.18,129,0.3464,53.33,6.25164,0.708
"Sun et al., 2020",Surface,90.58,30.17,4486.7,442.42,2.56,35.22452229,7.3,47.5,35.67,16.87,163.5,163.5,0.6137,68.34,6.728,0.586222222
"Sun et al., 2020",Surface,90.77,29.78,3882.2,448.41,6.62,26.9801444,7.43,53.4,34.37,12.23,187.3,187.3,0.5608,61.09,5.19507,0.55284
"Sun et al., 2020",Surface,91.25,31.5,4786.7,451.24,0.61,42.52968897,7.3,59.8,25.7,14.5,221.8,207.1,0.6758,76.84,9.791925,0.858794444
"Sun et al., 2020",Surface,91.5,30.59,4580.9,478.17,1.51,41.54387489,6.97,56.03,27.77,16.2,277.6,277.6,0.7256,83.65,16.849,1.159083333
"Sun et al., 2020",Surface,91.59,29.79,3930,476.53,6.45,28.96838906,7.2,50.43,34.1,15.47,116.67,322.7,0.6988,79.98,6.759095,0.68026
"Sun et al., 2020",Surface,91.97,31.38,4569.3,482.47,0.66,45.25984991,7.3,57.8,25.33,16.87,206.9,219.9,0.6147,68.47,12.60525,1.113525
"Sun et al., 2020",Surface,94.73,29.68,3454.3,581.4,6.2,35.88888889,5.9,51.37,35.23,13.43,108.7,299.3,0.8204,90.5,14.11878,1.14218
"Yang et al., 2008",Surface,100.79,36.49,3255,397.2,0.96,36.24087591,8.13,48.97,47.23,3.8,267.4,254.5,0.5808,NA,10.12,0.8717
"Yang et al., 2008",Surface,100.07,35.47,3225,382.1,0.96,34.86313869,8.07,61.88,35.16,2.96,81.8,172.2,0.3632,NA,5.79,0.8288
"Yang et al., 2008",Surface,101.02,36.87,3016,350.9,0.89,32.22222222,8.13,56.14,40.72,3.14,119.9,217.9,0.4505,NA,8.64,0.84148
"Yang et al., 2008",Surface,100.92,36.98,3071,349.6,0.83,32.28070175,8.07,60.62,36.44,2.94,188,329.4,0.5059,NA,10.45,0.90171
"Yang et al., 2008",Surface,98.38,37.28,3468,289.5,0.7,27.05607477,7.77,51.73,45.26,3.01,32,144.2,0.3984,NA,5.65,0.79422
"Yang et al., 2008",Surface,98.93,36.95,3670,307.4,0.64,28.89097744,8.03,56.94,40.31,2.75,104.1,213,0.3427,NA,7.28,0.767315
"Yang et al., 2008",Surface,99.31,36.7,3177,318.2,0.64,29.90601504,8.23,74.09,24.11,1.8,182.9,77,0.2725,NA,2.15,0.47926
"Yang et al., 2008",Surface,99.58,37.14,3247,322.5,0.36,31.12934363,8.3,71.15,26.58,2.27,125.2,254.4,0.5184,NA,7.28,0.68628
"Yang et al., 2008",Surface,93.87,35.51,4601,291.3,-2.07,36.73392182,7.7,96.84,2.99,0.17,58.3,26.8,0.1223,NA,0.54,0.5852
"Yang et al., 2008",Surface,93.87,35.51,4601,291.3,-2.07,36.73392182,7.7,68.15,29.38,2.47,37.6,26.8,0.1223,NA,1.46,0.5852
"Yang et al., 2008",Surface,92.95,34.94,4557,320.5,-3.09,46.38205499,7.6,95.13,4.46,0.41,135.1,29.4,0.1503,NA,1.89,0.60984
"Yang et al., 2008",Surface,92.62,34.38,4625,332.6,-2.81,46.25869263,7.97,95.83,3.78,0.39,152.2,44.8,0.2417,NA,1.4,0.853025
"Yang et al., 2008",Surface,92.45,34.21,4535,332.4,-2.83,46.35983264,8.1,84.72,12.73,2.55,59.5,41.1,0.1444,NA,1.86,0.4914465
"Yang et al., 2008",Surface,92.36,33.95,4622,346.2,-2.59,46.72064777,8.1,79,18.43,2.57,80.5,48.6,0.2276,NA,3.57,0.68284
"Yang et al., 2008",Surface,92.09,33.75,4675,350.2,-2.46,46.44562334,7.83,89.6,9.07,1.33,96.6,56.2,0.3549,NA,2.7,0.99495
"Yang et al., 2008",Surface,92.76,34.6,4700,325.8,-2.97,46.34423898,7.8,78.54,17.83,3.63,73,37,0.1973,NA,2.06,0.96133
"Yang et al., 2008",Surface,91.07,31.5,4598,404.9,0.39,38.97016362,7.6,96.77,2.93,0.3,57.3,71.5,0.2357,NA,1.72,0.610435
"Yang et al., 2008",Surface,91.67,31.5,4674,437.5,0.38,42.14836224,7.33,94.27,4.94,0.79,19.5,154.9,0.5591,NA,1.77,1.09865
"Yang et al., 2008",Surface,90.42,31.41,4655,358.8,0.37,34.59980714,7.53,91.72,7.29,0.99,34.6,69.4,0.2158,NA,2.82,0.75174
"Yang et al., 2008",Surface,90.11,31.4,4742,331.7,0.33,32.11035818,7.37,90.12,8.73,1.15,36.9,121.2,0.4379,NA,3.16,1.10633
"Yang et al., 2008",Surface,89.31,31.97,4575,293.5,-0.32,30.32024793,7.87,77.66,18.76,3.58,14.9,66,0.1632,NA,2.48,0.5343
"Yang et al., 2008",Surface,89.99,31.12,4596,329.1,1.08,29.70216606,7.17,85.22,11.15,3.63,36.1,84,0.3486,NA,2.47,0.87696
"Yang et al., 2008",Surface,88.69,32.16,4588,278.6,-0.55,29.48148148,8,74.16,22.81,3.03,37.2,77.8,0.199,NA,2.1,0.53333
"Yang et al., 2008",Surface,88.33,32.09,4601,277.5,-0.22,28.37423313,8.2,89.93,8.07,2,20.1,135.9,0.181,NA,1.15,0.600525
"Yang et al., 2008",Surface,87.21,31.87,4540,265.8,0.39,25.58229066,7.83,76.75,21.29,1.96,15.1,44.6,0.0808,NA,1.21,0.5247
"Yang et al., 2008",Surface,87.25,31.79,4523,267.6,0.52,25.43726236,8.37,81.02,15.09,3.89,14.5,60.3,0.1647,NA,1.44,0.5247
"Yang et al., 2008",Surface,86.57,31.93,4665,254.1,0.64,23.88157895,8.6,86.94,8.46,4.6,25.3,56.7,0.1957,NA,1.17,0.407135
"Yang et al., 2008",Surface,85.99,32.08,4661,245.9,0.59,23.22001889,8.77,87.23,11.09,1.68,23.2,43.2,0.1645,NA,1.99,0.32886
"Yang et al., 2008",Surface,85.3,32.19,4560,232.1,0.51,22.08372978,8.53,95.11,4.36,0.53,52.1,51.9,0.178,NA,1.36,0.392365
"Yang et al., 2008",Surface,84.94,31.91,4785,228.7,0.67,21.4339269,8.5,97.45,2.39,0.16,41.5,45.9,0.1716,NA,2.62,0.52923
"Yang et al., 2008",Surface,85.15,31.03,4703,259.3,1.67,22.2193659,8.67,89.54,8.95,1.51,19.6,61.2,0.1513,NA,2.66,0.422115
"Yang et al., 2008",Surface,85.77,29.81,5168,315.9,2.96,24.375,7.9,79.25,18.6,2.15,40.5,36.5,0.2451,NA,0.6,0.559335
"Yang et al., 2008",Surface,100.89,36.32,3277,472.9,1.18,42.29874776,8.07,59.11,37.57,3.32,126.9,261.9,0.4873,NA,6.24,0.97489
"Yang et al., 2008",Surface,100.46,36.12,2934,434.9,1.13,39.07457323,8,92.61,6.56,0.83,36.3,167.4,0.2253,NA,1.64,0.72098
"Yang et al., 2008",Surface,100.39,36.09,2990,426.4,1.16,38.2078853,8.13,86.83,11.91,1.26,70.7,117,0.2305,NA,2.47,0.744
"Yang et al., 2008",Surface,100.22,36,3078,415.6,1.1,37.44144144,8,64.48,32.93,2.59,73.5,152.2,0.3525,NA,6.06,0.78578
"Yang et al., 2008",Surface,100.07,35.93,3231,397.5,1.13,35.71428571,7.77,52.7,43.84,3.46,121.6,211.3,0.5149,NA,7.88,0.909865
"Yang et al., 2008",Surface,100.23,35.76,3184,423.2,1.2,37.78571429,7.8,57.07,39.6,3.33,78.9,221.8,0.5078,NA,7.78,0.86247
"Yang et al., 2008",Surface,100.78,35.59,3253,488.8,1.23,43.52626892,7.53,76.6,21.58,1.82,70.1,296.8,0.5751,NA,5.33,0.88578
"Yang et al., 2008",Surface,100.93,35.35,3253,521.3,1.27,46.2555457,7.4,84.99,13.67,1.34,82,290.2,0.6205,NA,5.25,1.12793
"Yang et al., 2008",Surface,99.18,35.36,4158,367.2,0.67,34.41424555,8.03,74.99,23.09,1.92,47.6,59,0.2587,NA,3.82,0.90145
"Yang et al., 2008",Surface,99.39,35.43,4002,371.6,0.84,34.2804428,7.57,66.42,30.89,2.69,60.8,123.1,0.4604,NA,5.79,1.065045
"Yang et al., 2008",Surface,99.48,35.44,4089,380.2,0.87,34.97700092,7.93,71.67,25.89,2.44,57.4,122.2,0.5204,NA,7.41,1.2138
"Yang et al., 2008",Surface,98.58,34.99,4297,371.1,-0.12,37.56072874,7.83,76.35,21.56,2.09,56.5,68.2,0.315,NA,3.78,1.010975
"Yang et al., 2008",Surface,98.45,34.85,4219,375.3,-0.28,38.61111111,7.83,79.96,18.1,1.94,64.5,75,0.3984,NA,3.76,1.06057
"Yang et al., 2008",Surface,98.25,34.88,4229,363.9,-0.53,38.42661035,7.87,85.09,13.39,1.52,54.6,67,0.2616,NA,1.86,0.94464
"Yang et al., 2008",Surface,98.21,34.9,4254,352.6,-0.5,37.11578947,7.9,91.36,7.67,0.97,62.7,65.8,0.2511,NA,1.83,0.88307
"Yang et al., 2008",Surface,98.14,34.93,4219,349.2,-0.52,36.83544304,7.97,84.19,14.21,1.6,62.2,63,0.2527,NA,2.38,0.873045
"Yang et al., 2008",Surface,98.07,35.01,4236,336.8,-0.39,35.04682622,7.97,80.3,17.88,1.82,57.5,50.3,0.2154,NA,1.59,0.96159
"Yang et al., 2008",Surface,95.8,34.14,4226,418,-0.38,43.45114345,7.63,82.33,16.18,1.49,56.5,118,0.4837,NA,3.28,1.00149
"Yang et al., 2008",Surface,92.4,34.17,4596,344.8,-2.5,45.97333333,7.97,82.59,15.69,1.72,96.5,62.3,0.3077,NA,3.18,0.768355
"Yang et al., 2008",Surface,93.1,35.25,4634,277.4,-2.98,39.51566952,7.8,67.95,29.44,2.61,20.1,30.4,0.1769,NA,1.33,0.64175
"Yang et al., 2008",Surface,93.37,35.36,4536,275.9,-2.58,37.18328841,7.77,83.51,14.99,1.5,42.8,37.6,0.195,NA,2.03,0.70866
"Yang et al., 2008",Surface,93.65,35.49,4506,274.8,-2.2,35.23076923,7.9,90.26,8.82,0.92,38.8,31.4,0.1241,NA,1.07,0.54096
"Yang et al., 2008",Surface,94.3,35.75,4144,259.7,-1.24,29.64611872,7.7,89.78,9.65,0.57,17.7,67.6,0.2276,NA,0.39,0.70228
"Yang et al., 2008",Surface,80.75,32.52,4442,103.4,2.19,8.482362592,7.97,88.96,9.42,1.62,15.3,25.1,0.1179,NA,0.78,0.63595
"Yang et al., 2008",Surface,81.18,32.35,4528,119.6,2.3,9.723577236,8.53,91.28,7.05,1.67,28.5,26.3,0.1211,NA,0.67,0.35244
"Yang et al., 2008",Surface,81.35,32.18,4647,132.3,2.47,10.60946271,8.1,92.95,6.24,0.81,14.2,36.6,0.1477,NA,1.3,0.4185
"Yang et al., 2008",Surface,81.67,32.18,4891,139.4,2.48,11.16987179,8.13,77.39,19.41,3.2,13.3,42.4,0.1626,NA,3.83,0.436995
"Yang et al., 2008",Surface,82.42,32.32,4642,166.8,2.14,13.73970346,8.17,77.83,19.61,2.56,14.3,50.3,0.1914,NA,3.36,0.44748
"Yang et al., 2008",Surface,82.55,32.53,4388,166.8,1.99,13.91159299,8.4,80.64,17.64,1.72,17.9,23,0.1125,NA,2.26,0.402485
"Yang et al., 2008",Surface,82.85,32.52,4418,178.4,1.9,14.99159664,8.53,77.23,20.74,2.03,9.8,19.6,0.1039,NA,3.32,0.37392
"Yang et al., 2008",Surface,83.97,32.3,4414,225.8,1.6,19.46551724,8.67,79.76,18.56,1.68,13.4,27.8,0.125,NA,1.06,0.3059
"Yang et al., 2008",Surface,83.47,32.37,4537,206.5,1.8,17.5,8.37,62.49,33.39,4.12,12.7,52.6,0.1647,NA,2.91,0.490595
"Yang et al., 2008",Surface,83.3,32.42,4491,199,1.81,16.85012701,8.6,83.6,13.97,2.43,11.9,48.8,0.1941,NA,2.79,0.30731
"Yang et al., 2008",Surface,84.1,32.33,4445,229.6,1.56,19.8615917,8.6,78,18.8,3.2,19.8,31.1,0.1335,NA,2.46,0.3854
"Yang et al., 2008",Surface,84.17,32.4,4489,229.4,1.51,19.93049522,8.6,83.67,14.24,2.09,50.8,44,0.1572,NA,1.14,0.29124
"Yang et al., 2008",Surface,84.17,32.4,4483,229.4,1.51,19.93049522,8.6,93.63,5.89,0.48,54.3,44,0.1572,NA,0.8,0.29124
"Yang et al., 2008",Surface,84.27,32.55,4622,230.4,1.42,20.17513135,8.57,87.72,11.26,1.02,25.3,44.3,0.1505,NA,1.9,0.30849
"Yang et al., 2008",Surface,84.25,32.65,4643,227.9,1.38,20.02636204,8.57,72.73,23.87,3.4,19.1,44.7,0.1491,NA,2.8,0.36127
"Yang et al., 2008",Surface,84.2,32.8,4681,219.4,1.31,19.39876216,8.5,85.98,12.37,1.65,17,47,0.1391,NA,2.44,0.37525
"Yang et al., 2008",Surface,84.05,32.95,4731,215,1.32,18.99293286,8.47,68.23,28.03,3.74,26.7,23.9,0.117,NA,2.88,0.293625
"Yang et al., 2008",Surface,83.98,32.17,4794,231.4,1.78,19.6434635,8.47,89,9.57,1.43,37.7,40.9,0.1588,NA,2.83,0.493215
"Yang et al., 2008",Surface,84,32.2,4608,232,1.62,19.96557659,8.6,86.64,11.03,2.33,15.9,53.9,0.1923,NA,2.6,0.35772
"Yang et al., 2008",Surface,84.12,32.28,4441,235.9,1.58,20.37132988,8.57,83.39,11.79,4.82,13.4,42.5,0.1212,NA,2.4,0.32967
"Yang et al., 2008",Surface,84.57,32.2,4504,250,1.41,21.91060473,8.6,82.04,15.51,2.45,17.7,44.2,0.1315,NA,3.1,0.34974
"Yang et al., 2008",Surface,85.03,32.17,4442,269.6,1.35,23.75330396,8.6,81.44,16.26,2.3,13.1,28.4,0.1265,NA,2.1,0.33936
"Yang et al., 2008",Surface,87.87,31.88,4550,362.1,0.56,34.28977273,8.23,80.77,15.64,3.59,18.9,58.6,0.1489,NA,3.38,0.542025
"Yang et al., 2008",Surface,101.31,37.61,3192,423.7,0.78,39.30426716,7.67,41.13,54.92,3.95,347.5,339.5,0.7587,NA,11.38,1.374505
"Yang et al., 2008",Surface,101.24,37.61,3204,417.6,0.73,38.91891892,7.8,49.31,47.47,3.22,149.8,325.8,0.6985,NA,7.78,1.183215
"Yang et al., 2008",Surface,101.31,37.64,3315,423.7,0.78,39.30426716,7.7,42.18,53.76,4.06,212.2,322.2,0.7587,NA,18.6,1.27776
"Yang et al., 2008",Surface,101.03,37.02,3179,351.2,0.83,32.42843952,7.9,53.3,43.28,3.42,186.3,392.2,0.6963,NA,13.64,1.04448
"Yang et al., 2008",Surface,100.11,37.42,3390,335.5,0.23,32.79569892,7.9,56.82,40.1,3.08,116.2,275.5,0.7516,NA,9.64,1.2256
"Yang et al., 2008",Surface,94.28,35.71,4380,277.3,-1.56,32.85545024,7.5,67.86,30.07,2.07,164.8,63.4,0.2138,NA,6.79,0.612055
"Yang et al., 2008",Surface,93.32,35.33,4556,307.9,-2.79,42.70457698,7.8,74.09,23.72,2.19,54.6,35.2,0.1568,NA,2.1,0.74284
"Yang et al., 2008",Surface,92.36,33.95,4616,346.2,-2.59,46.72064777,8.1,67.5,29.61,2.89,59.9,48.6,0.2276,NA,0.93,0.68284
"Yang et al., 2008",Surface,91.87,33.32,4867,361.4,-2.15,46.03821656,7.4,85.59,11.84,2.57,146.8,43.7,0.228,NA,6,0.8918
"Yang et al., 2008",Surface,91.68,32.19,4628,405.9,-0.94,44.8013245,7.53,92.2,6.86,0.94,189.8,72,0.4854,NA,1.66,1.042065
"Yang et al., 2008",Surface,92.9,34.79,4682,325.2,-2.96,46.19318182,7.7,75.91,21.65,2.44,117.2,86.5,0.4539,NA,5.65,1.03033
"Yang et al., 2008",Surface,91.86,31.58,4594,441.7,0.13,43.60315893,7.3,78.91,18.83,2.26,111.1,189,0.5918,NA,4.12,1.23201
"Yang et al., 2008",Surface,91.33,31.51,4663,417.8,0.18,41.04125737,7.3,83.34,14.34,2.32,80.5,211,0.432,NA,3.25,1.26192
"Yang et al., 2008",Surface,90.01,31.43,4741,323.8,0.31,31.40640155,7.43,86.16,11.67,2.17,33.8,71.4,0.2896,NA,1.88,0.84217
"Yang et al., 2008",Surface,85.32,30.38,5004,288.6,2.4,23.27419355,7.83,75.32,21.45,3.23,61.5,64.9,0.2494,NA,3.33,0.58765
"Yang et al., 2008",Surface,86.73,29.41,4603,327.5,3.85,23.64620939,8.1,88.13,9.5,2.37,31.8,131,0.4364,NA,3.27,0.57771
"Yang et al., 2008",Surface,87.21,29.25,4546,324.5,4.43,22.48787249,7.8,64.7,32.29,3.01,15.8,69,0.3646,NA,6.6,0.73383
"Yang et al., 2008",Surface,90.62,30.2,4583,413.5,3.87,29.81254506,7.13,76.39,21.31,2.3,90,204.6,0.5047,NA,4.27,1.164605
"Yang et al., 2008",Surface,91.06,30.45,4302,453.6,3.12,34.57317073,7,69.37,28.11,2.52,162.8,211.7,0.5936,NA,4.84,1.19606
"Yang et al., 2008",Surface,91.54,30.62,4550,471.6,2.5,37.728,7,69.76,27.29,2.95,145.3,201.9,0.5815,NA,6.96,1.254165
"Yang et al., 2008",Surface,91.69,31.07,4720,459,1.34,40.47619048,7.23,83.39,14.74,1.87,79.4,97.9,0.4797,NA,4.39,1.05963
"Yang et al., 2008",Surface,100.49,35.57,3304,456.3,1.24,40.59608541,7.67,64.44,32.79,2.77,92.7,360.6,0.7377,NA,11.34,0.95469
"Yang et al., 2008",Surface,100.77,35.08,3565,524.9,1.29,46.49247121,7.73,58.37,38.5,3.13,140.9,365.3,0.7738,NA,12.38,1.31744
"Yang et al., 2008",Surface,100.82,34.86,3650,551.1,1.33,48.6407767,7.3,60.01,36.72,3.27,242.7,331,0.7347,NA,14.56,1.3209
"Yang et al., 2008",Surface,100.22,34.53,3717,526.8,1.22,46.95187166,7.2,59.13,37.73,3.14,151.3,236.2,0.7581,NA,15.32,1.42308
"Yang et al., 2008",Surface,97.14,33.82,4443,485.2,-0.48,50.96638655,7.1,62.17,34.51,3.32,43.9,159.8,0.6575,NA,12.43,1.419015
"Yang et al., 2008",Surface,97.02,33.76,4589,495.9,-0.21,50.65372829,6.97,56.84,39.65,3.51,139.4,142.7,0.5911,NA,11.78,1.41645
"Yang et al., 2008",Surface,96.73,33.81,4142,475.2,-0.11,48.04853387,7.3,58.29,39.28,2.43,65.3,149.5,0.6408,NA,8.85,1.40892
"Yang et al., 2008",Surface,96.37,33.97,4229,456.2,-0.11,46.12740142,7.43,68.79,28.65,2.56,172.2,140.8,0.6241,NA,9.48,1.45107
"Yang et al., 2008",Surface,96.2,34.1,4363,427.2,-0.3,44.04123711,7.53,69.4,28.29,2.31,109.3,137.4,0.607,NA,8.45,1.31733
"Yang et al., 2008",Surface,95.7,33.95,4161,448.8,-0.2,45.79591837,7.63,65.55,31.3,3.15,189.5,136.6,0.6048,NA,8.03,1.1376
"Yang et al., 2008",Surface,95.87,33.73,4264,477.4,0.17,46.94198623,7.2,73.19,24.1,2.71,123.4,150.2,0.5838,NA,8.63,1.323
"Yang et al., 2008",Surface,96.36,33.28,4292,548,1.42,47.98598949,7.23,70.15,27.11,2.74,50.6,191.8,0.6448,NA,7.7,1.30845
"Yang et al., 2008",Surface,96.57,33.21,4257,548.7,1.52,47.63020833,7.17,63.82,33.07,3.11,35.8,160.5,0.6693,NA,10.18,1.358265
"Yang et al., 2008",Surface,96.91,33.02,3901,573,2.34,46.43435981,7.2,59.86,36.46,3.68,49.7,218,0.5606,NA,6.75,1.4385
"Yang et al., 2008",Surface,97.16,32.81,3900,592.6,2.79,46.33307271,7,57.89,37.9,4.21,90.2,282.2,0.7154,NA,9.25,1.59642
"Yang et al., 2008",Surface,97.1,32.81,3888,592.6,2.83,46.18862042,6.97,63.25,33.19,3.56,99.5,288.4,0.7194,NA,7.73,1.51788
"Yang et al., 2008",Surface,96.74,32.89,4286,593.5,2.74,46.5855573,7.1,60.6,35.71,3.69,255.9,206.7,0.6156,NA,11.31,1.51767
"Yang et al., 2008",Surface,96.56,32.6,3958,613.8,3.14,46.71232877,7.33,61.08,35.01,3.91,146.3,235,0.6812,NA,5.33,1.43022
"Yang et al., 2008",Surface,96.4,32.52,4010,624.2,3.32,46.86186186,7.1,62.51,33.46,4.03,121.8,254.8,0.6983,NA,4.51,1.396365
"Yang et al., 2008",Surface,96.4,32.2,3801,649.2,4.05,46.20640569,7.3,49.5,45.04,5.46,112.9,239.5,0.6612,NA,10.24,1.269035
"Yang et al., 2008",Surface,96.39,32,4191,651.8,4.31,45.54856744,6.8,81.91,15.23,2.86,54.6,231.2,0.6729,NA,8.53,1.410615
"Yang et al., 2008",Surface,95.38,31.49,4288,686.3,3.76,49.87645349,6.5,51.42,44.45,4.13,97.9,212.7,0.6301,NA,12.51,1.462875
"Yang et al., 2008",Surface,93.95,31.93,4113,694,1.72,59.21501706,6.7,68.51,28.47,3.02,100.4,191.8,0.658,NA,5.19,1.523065
"Yang et al., 2008",Surface,93.54,31.85,4475,693.7,1.37,61.0114336,6.37,62.94,33.73,3.33,98.2,183.4,0.5351,NA,7.23,1.40352
"Yang et al., 2008",Surface,93.14,31.93,4478,659.2,0.75,61.32093023,6.93,59.2,36.84,3.96,122.6,208.3,0.6967,NA,10.1,1.46529
"Yang et al., 2008",Surface,92.9,31.84,4307,650.5,0.69,60.85126286,7.2,68.11,28.69,3.2,77.8,206,0.6153,NA,8.24,1.367045
"Yang et al., 2008",Surface,92.9,31.83,4330,650.5,0.69,60.85126286,7.13,68.42,28.41,3.17,86.8,203.5,0.6153,NA,10.27,1.388745
"Yang et al., 2008",Surface,92.87,31.83,4287,642.3,0.6,60.59433962,7.3,74.36,23.09,2.55,99.6,202.6,0.6158,NA,6.83,1.1529
"Yang et al., 2008",Surface,92.87,31.83,4286,642.3,0.6,60.59433962,7.3,78.02,19.81,2.17,101.2,202.6,0.6158,NA,8.43,1.1529
"Yang et al., 2008",Surface,92.87,31.83,4290,642.3,0.6,60.59433962,7.3,85.49,13.07,1.44,87.3,202.6,0.6158,NA,5.2,1.1529
"Yang et al., 2008",Surface,92.89,31.83,4316,642.3,0.6,60.59433962,7.3,67.78,28.91,3.31,81.3,210.2,0.6158,NA,10.41,1.423175
"Yang et al., 2008",Surface,92.9,31.83,4340,650.5,0.69,60.85126286,7.13,62.95,33.27,3.78,59.1,203.5,0.6153,NA,10.17,1.388745
"Yang et al., 2008",Surface,91.69,31.01,4758,577.3,1.74,49.17376491,7.2,80.67,17.01,2.32,75.7,119.8,0.4679,NA,5.51,1.059875
"Yang et al., 2008",Surface,91.69,31.09,4738,577.3,1.74,49.17376491,7.4,85.65,12.8,1.55,57.5,140.5,0.4797,NA,5.22,1.15081
"Yang et al., 2008",Surface,91.85,31.71,4646,573.6,0.16,56.45669291,7.3,69.98,26.02,4,57.7,178.7,0.6071,NA,8.29,1.191915
"Yang et al., 2008",Surface,91.87,33.22,4853,452.7,-2.02,56.72932331,7.7,69.64,27.3,3.06,42.8,47.6,0.2917,NA,6.23,0.78183
"Nie et al., 2019",Surface,102.38,36.72,3323,626.9,-0.02,62.81563126,6.83,32.9,44.9,22.17,NA,484.5,0.8183,NA,11.1397,0.47702
"Nie et al., 2019",Surface,101.99,37.4,3277,639.3,-1.42,74.51048951,7.73,30.1,46.83,23.07,NA,323,0.741,NA,13.88117,0.57528
"Nie et al., 2019",Surface,101.85,37.24,3031,647,-0.3,66.70103093,7.67,33.7,40.5,25.8,NA,411.2,0.7808,NA,17.12056,0.54108
"Nie et al., 2019",Surface,100.21,34.45,3857,686.1,-1.04,76.57366071,7.4,35.77,43.07,21.17,NA,284.8,0.7944,NA,14.00253,1.29376
"Nie et al., 2019",Surface,100.92,32.9,3824,884.5,0,88.45,6.83,37.37,45.47,17.17,NA,341.1,0.7716,NA,14.09248,0.74028
"Nie et al., 2019",Surface,100.66,32.89,3853,864.8,0.53,82.12725546,6.97,37.5,45.13,17.4,NA,315.4,0.7431,NA,8.92718,0.65988
"Nie et al., 2019",Surface,101.34,33.38,4115,912,-1.48,107.0422535,6.57,31.57,49.43,19,NA,342.8,0.7568,NA,19.71192,1.16145
"Nie et al., 2019",Surface,101.35,33.37,4109,921.8,-0.88,101.0745614,6.73,33.73,45.73,20.6,NA,309.5,0.799,NA,14.38809,0.86394
"Nie et al., 2019",Surface,100.63,33.27,3737,845.3,0.41,81.20076849,7.17,35.23,43.8,21.03,NA,310.6,0.8179,NA,11.33718,0.8967
"Nie et al., 2019",Surface,102.24,35.42,3455,749.9,0.03,74.76570289,7.5,33.53,50.37,16.1,NA,472.3,0.817,NA,12.05565,0.68364
"Nie et al., 2019",Surface,102.23,35.41,3495,759.4,-0.23,77.72773797,7.3,31.27,51.93,16.8,NA,472.8,0.817,NA,9.69194,0.45895
"Nie et al., 2019",Surface,102.25,35.53,3220,701.4,1.88,59.04040404,6.57,36.4,44.97,18.63,NA,382.6,0.7517,NA,17.23623,0.78055
"Nie et al., 2019",Surface,102.25,35.41,3570,769.3,-0.84,83.98471616,7.43,34.4,47.43,18.2,NA,404.6,0.7778,NA,14.09875,0.6018
"Nie et al., 2019",Surface,101.85,35.23,3503,763.8,0.4,73.44230769,7.4,33.07,47.47,19.47,NA,311.4,0.7445,NA,11.10948,0.78624
"Nie et al., 2019",Surface,101.41,37.38,3389,659,-2.4,86.71052632,7.57,38.87,40,21.13,NA,288.1,0.7432,NA,20.48925,0.85644
"Nie et al., 2019",Surface,100.35,38.09,2975,519,-2.51,69.29238985,7.77,41.2,39.77,19.03,NA,312.3,0.7471,NA,17.81052,0.58752
"Nie et al., 2019",Surface,100.24,38.06,3681,559,-5.59,126.7573696,7.67,42.77,39.47,17.8,NA,246.3,0.5524,NA,4.55733,0.62685
"Nie et al., 2019",Surface,96.86,33.04,4203,616.6,-1.63,73.66786141,7.27,38,43.1,18.87,NA,282.2,0.779,NA,10.03119,0.7735
"Nie et al., 2019",Surface,96.84,33.03,4496,646.5,-3.62,101.3322884,7.2,42.77,39.47,17.73,NA,293.6,0.7894,NA,18.33412,0.89856
"Nie et al., 2019",Surface,96.85,33.05,4263,613.9,-1.23,70,7.2,39.7,42.73,17.6,NA,269,0.779,NA,5.29853,0.77007
"Nie et al., 2019",Surface,96.85,33.04,4132,603.3,-0.93,66.51598677,7.27,40.1,43.03,16.83,NA,268.6,0.779,NA,13.04736,0.7696
"Nie et al., 2019",Surface,96.58,31.88,4081,603.5,1.27,53.54924579,6.4,34.53,47.53,17.93,NA,270.2,0.6917,NA,16.57962,1.2558
"Nie et al., 2019",Surface,96.89,31.88,4435,637,-0.93,70.23153252,6.4,38.43,45.37,16.2,NA,334.1,0.7044,NA,11.46643,0.8502
"Nie et al., 2019",Surface,95.3,32.89,4208,558.9,0.99,50.85532302,7.33,40.6,42.93,16.47,NA,175.8,0.6097,NA,6.50349,0.78605
"Nie et al., 2019",Surface,97.12,33.33,4137,601.2,-0.51,63.35089568,7.2,41.03,42.03,16.93,NA,246.6,0.7414,NA,16.80976,1.08402
"Nie et al., 2019",Surface,97.12,33.32,4417,623.4,-1.82,76.21026895,7.1,40.33,43.27,16.43,NA,255.2,0.7414,NA,12.93491,0.84042
"Nie et al., 2019",Surface,96.99,33.36,3660,545.3,3.38,40.754858,7.3,42.63,40.67,16.73,NA,177.3,0.6772,NA,3.55878,0.75952
"Nie et al., 2019",Surface,99.52,37.13,3245,403.7,0.33,39.0803485,8.33,40.03,44.33,15.6,NA,185.4,0.596,NA,0.34025,0.32364
"Nie et al., 2019",Surface,99.16,37.17,3559,397.4,-0.95,43.91160221,8,44.37,37.93,17.67,NA,328.4,0.6696,NA,15.83112,0.62444
"Nie et al., 2019",Surface,99.32,37.53,3540,454.1,-3.93,74.81054366,7.7,41.17,43.17,15.67,NA,283,0.6933,NA,17.15643,0.72957
"Nie et al., 2019",Surface,99.33,37.53,3673,462.5,-4.34,81.71378092,7.8,41.73,42.6,15.63,NA,261.7,0.6933,NA,11.9443,0.77775
"Nie et al., 2019",Surface,99.33,37.37,3412,418.7,-0.36,43.43360996,8.07,38.33,43.93,17.73,NA,244.5,0.655,NA,2.36188,0.99693
"Nie et al., 2019",Surface,97.26,37.45,3475,286.7,-0.25,29.40512821,7.9,46.17,36.73,17.1,NA,174.4,0.2582,NA,1.56518,0.24585
"Nie et al., 2019",Surface,101.57,36.37,3537,706.2,-0.91,77.68976898,7.87,34.23,47.27,18.5,NA,378.1,0.7568,NA,17.95882,0.80379
"Nie et al., 2019",Surface,102.24,36.28,2965,638.7,1.72,54.49658703,8.17,25.1,51,23.83,NA,510.1,0.7708,NA,17.26284,1.06752
"Nie et al., 2019",Surface,101.96,36.27,3172,671.5,1.08,60.60469314,7.8,35.03,46.73,18.23,NA,477.7,0.7694,NA,16.58039,1.37138
"Nie et al., 2019",Surface,102.13,37,3147,638.2,-0.92,70.28634361,7.97,28.7,47.4,23.93,NA,399.5,0.7428,NA,26.00525,0.77868
"Nie et al., 2019",Surface,101.43,37.29,3227,685.5,-1.33,79.06574394,7.73,35.47,42.23,22.3,NA,344.8,0.8064,NA,16.83842,1.18215
"Nie et al., 2019",Surface,100.65,36.13,2869,515.7,5.09,34.1749503,8.17,36.87,43.3,19.77,NA,175.6,0.3087,NA,2.39995,1.0131
"Nie et al., 2019",Surface,100.74,35.47,3596,630.6,0.25,61.52195122,7.63,29.23,48.67,22.1,NA,392.2,0.7181,NA,21.8908,1.2596
"Nie et al., 2019",Surface,101.55,36.38,3153,669.2,0.35,64.65700483,7.97,28.93,50.83,20.17,NA,429,0.7568,NA,27.04971,0.867
"Nie et al., 2019",Surface,98.52,36.9,2951,290.5,3.2,22.00757576,8.3,44.57,37.5,17.93,NA,123.8,0.2476,NA,3.19722,0.39396
"Nie et al., 2019",Surface,98.2,36.99,2965,280.1,4.11,19.85116938,8.33,49.93,33.17,16.9,NA,56.3,0.247,NA,2.54215,0.29808
"Nie et al., 2019",Surface,97.63,37.05,2913,241.2,4.56,16.56593407,8.37,46.9,38.13,15,NA,32.4,0.1151,NA,0.79488,0.4186
"Nie et al., 2019",Surface,94.98,36.55,2740,48.4,5.38,3.146944083,8.4,53.17,31.23,15.57,NA,52.1,0.2242,NA,2.38274,0.22338
"Nie et al., 2019",Surface,98.39,36.45,3398,307.6,0.29,29.8931001,8.07,47.63,32.27,20.1,NA,44.1,0.1798,NA,2.54185,0.41182
"Nie et al., 2019",Surface,96.25,36.49,2717,68.9,5.76,4.371827411,8.4,49.47,34.4,16.17,NA,42.4,0.1705,NA,2.25566,0.088
"Nie et al., 2019",Surface,98.57,36.86,2971,293.6,3.75,21.35272727,8.03,44.5,39.3,16.23,NA,33.8,0.123,NA,0.21191,0.52324
"Nie et al., 2019",Surface,98.54,36.87,2957,284.9,3.33,21.37284321,8.17,46.33,36.03,17.63,NA,56.4,0.2476,NA,0.2771,0.46228
"Nie et al., 2019",Surface,97.12,37.35,2917,202.3,4.47,13.98064962,8.43,47.93,37.77,14.27,NA,88.3,0.4241,NA,1.06358,0.21805
"Nie et al., 2019",Surface,97.86,37.04,2986,251.3,3.83,18.17064353,8.37,47.33,37.5,15.17,NA,40.2,0.1585,NA,1.4711,0.52822
"Nie et al., 2019",Surface,97.41,37.26,2896,224.2,4.23,15.75544624,8.37,46.07,36.3,17.67,NA,41.2,0.1636,NA,0.2177,0.21631
"Nie et al., 2019",Surface,97.51,37.22,2866,238.9,4.55,16.41924399,8.27,50.13,35.47,14.37,NA,57,0.251,NA,3.11048,0.52364
"Nie et al., 2019",Surface,94.53,35.88,3580,112.5,0.96,10.26459854,8.17,47.1,34.03,18.87,NA,37.7,0.1444,NA,1.72913,0.6426
"Nie et al., 2019",Surface,94.51,35.88,3595,114.2,0.73,10.64305685,8,46,35.17,18.8,NA,37.7,0.1444,NA,0.5624,0.77571
"Nie et al., 2019",Surface,97.41,36,3103,200.9,4.69,13.67597005,8.27,45.67,37.73,16.6,NA,46.8,0.1947,NA,1.47574,0.4284
"Nie et al., 2019",Surface,94.55,35.88,3565,111,0.98,10.10928962,8.17,50.03,33.57,16.4,NA,33.5,0.1214,NA,0.21704,0.2674
"Nie et al., 2019",Surface,98.67,36.41,3659,351.9,-2.83,49.07949791,7.9,46.43,34.43,19.13,NA,66.6,0.1768,NA,3.56451,0.7502
"Nie et al., 2019",Surface,98.73,36.39,3808,504.1,-3.67,79.63665087,8,41.73,41.6,16.6,NA,55.1,0.2039,NA,2.07769,0.41886
"Sun et al., 2020",Middle,80.84,31.17,4548.95,112.39,0.79,10.41612604,7.5,60,27.9,12.05,21.59,60.8,0.214,12,2.8883855,0.37323
"Sun et al., 2020",Middle,81.98,32.07,4597.22,134.67,0.52,12.8013308,8.4,51.55,32.65,15.8,26.79,53.7,0.1308,5.5,9.725625,0.55328
"Sun et al., 2020",Middle,83.11,30.19,4582.93,217.96,0.75,20.27534884,8,73.6,16.75,9.65,19.58,57.2,0.1408,9,10.41414063,0.56434
"Sun et al., 2020",Middle,86.28,28.8,4420.09,335.85,2.68,26.48659306,7.7,48.25,34.2,17.5,60.45,54.3,0.2004,11.76,23.370665,0.82824
"Sun et al., 2020",Middle,88.52,31.78,4548.09,372.56,1.14,33.44344704,8.2,53.65,31.35,15.1,28.74,84.8,0.1847,9.6,16.93953,0.56376
"Sun et al., 2020",Middle,90.36,28.9,4542.88,355.52,3.36,26.61077844,7.45,52.2,36.15,11.7,80.18,129,0.3464,53.33,17.6051575,1.14342
"Sun et al., 2020",Middle,91.59,29.79,3930,476.53,6.45,28.96838906,7.4,49.45,33.05,17.5,116.67,322.7,0.6988,79.98,2.21832,0.32864
"Sun et al., 2020",Middle,94.73,29.68,3454.3,581.4,6.2,35.88888889,6.05,50.75,35.2,14,108.7,299.3,0.8204,90.5,17.582645,0.88786
"Yang et al., 2008",Middle,100.79,36.49,3255,397.2,0.96,36.24087591,8.25,38.55,40.95,20.5,267.4,254.5,0.5808,NA,17.27,1.113
"Yang et al., 2008",Middle,100.07,35.47,3225,382.1,0.96,34.86313869,8.25,38.3,36.85,24.85,81.8,172.2,0.3632,NA,10.51,0.8975
"Yang et al., 2008",Middle,101.02,36.87,3016,350.9,0.89,32.22222222,8.15,37.05,40.25,22.7,119.9,217.9,0.4505,NA,15.12,1.0615
"Yang et al., 2008",Middle,100.92,36.98,3071,349.6,0.83,32.28070175,8.2,43.35,37,19.6,188,329.4,0.5059,NA,15.75,1.014
"Yang et al., 2008",Middle,98.38,37.28,3468,289.5,0.7,27.05607477,8,49,30.4,20.6,32,144.2,0.3984,NA,11.47,0.781
"Yang et al., 2008",Middle,98.93,36.95,3670,307.4,0.64,28.89097744,8.2,43.6,38.25,18.15,104.1,213,0.3427,NA,17.23,0.782
"Yang et al., 2008",Middle,99.31,36.7,3177,318.2,0.64,29.90601504,8.3,38.9,41.35,19.75,182.9,77,0.2725,NA,2.15,0.5695
"Yang et al., 2008",Middle,99.58,37.14,3247,322.5,0.36,31.12934363,8.45,37.75,50.8,11.45,125.2,254.4,0.5184,NA,13.64,0.591
"Yang et al., 2008",Middle,93.87,35.51,4601,291.3,-2.07,36.73392182,7.85,46.2,35.3,18.5,58.3,26.8,0.1223,NA,1.49,0.8995
"Yang et al., 2008",Middle,93.87,35.51,4601,291.3,-2.07,36.73392182,7.85,46.2,35.3,18.5,37.6,26.8,0.1223,NA,2.53,0.8995
"Yang et al., 2008",Middle,92.95,34.94,4557,320.5,-3.09,46.38205499,7.65,45.35,35.35,19.3,135.1,29.4,0.1503,NA,4.07,0.7175
"Yang et al., 2008",Middle,92.62,34.38,4625,332.6,-2.81,46.25869263,8.1,49.85,35.6,14.55,152.2,44.8,0.2417,NA,3.34,0.9725
"Yang et al., 2008",Middle,92.45,34.21,4535,332.4,-2.83,46.35983264,8.2,48.95,31.8,19.25,59.5,41.1,0.1444,NA,2.01,0.623
"Yang et al., 2008",Middle,92.36,33.95,4622,346.2,-2.59,46.72064777,8.2,51.15,33.6,15.25,80.5,48.6,0.2276,NA,6.24,0.69
"Yang et al., 2008",Middle,92.09,33.75,4675,350.2,-2.46,46.44562334,7.85,47.4,36.5,16.1,96.6,56.2,0.3549,NA,4.35,1.3
"Yang et al., 2008",Middle,92.76,34.6,4700,325.8,-2.97,46.34423898,7.95,47.85,35.4,16.75,73,37,0.1973,NA,3.41,0.835
"Yang et al., 2008",Middle,91.07,31.5,4598,404.9,0.39,38.97016362,7.85,58,26.45,15.55,57.3,71.5,0.2357,NA,3.17,0.6865
"Yang et al., 2008",Middle,91.67,31.5,4674,437.5,0.38,42.14836224,7.45,61.2,21.7,17.2,19.5,154.9,0.5591,NA,2.94,1.416
"Yang et al., 2008",Middle,90.42,31.41,4655,358.8,0.37,34.59980714,7.75,66,21.1,12.85,34.6,69.4,0.2158,NA,4.23,0.7875
"Yang et al., 2008",Middle,90.11,31.4,4742,331.7,0.33,32.11035818,7.6,53.65,31.45,14.9,36.9,121.2,0.4379,NA,4.81,1.041
"Yang et al., 2008",Middle,89.31,31.97,4575,293.5,-0.32,30.32024793,8.15,55.8,25.15,19.05,14.9,66,0.1632,NA,4.14,0.688
"Yang et al., 2008",Middle,89.99,31.12,4596,329.1,1.08,29.70216606,7.45,59.15,25.15,15.7,36.1,84,0.3486,NA,4.61,1.164
"Yang et al., 2008",Middle,88.69,32.16,4588,278.6,-0.55,29.48148148,8.1,55,28.75,16.25,37.2,77.8,0.199,NA,2.91,0.7575
"Yang et al., 2008",Middle,88.33,32.09,4601,277.5,-0.22,28.37423313,8.4,55.15,26.65,18.25,20.1,135.9,0.181,NA,1.44,0.604
"Yang et al., 2008",Middle,87.21,31.87,4540,265.8,0.39,25.58229066,8,48.45,31.7,19.75,15.1,44.6,0.0808,NA,1.21,0.607
"Yang et al., 2008",Middle,87.25,31.79,4523,267.6,0.52,25.43726236,8.45,49.3,31.5,19.15,14.5,60.3,0.1647,NA,1.95,0.62
"Yang et al., 2008",Middle,86.57,31.93,4665,254.1,0.64,23.88157895,8.65,48.85,30.8,20.35,25.3,56.7,0.1957,NA,2.12,0.6135
"Yang et al., 2008",Middle,85.99,32.08,4661,245.9,0.59,23.22001889,8.85,48.5,31.7,19.8,23.2,43.2,0.1645,NA,4.41,0.597
"Yang et al., 2008",Middle,85.3,32.19,4560,232.1,0.51,22.08372978,8.6,52.6,29.2,18.3,52.1,51.9,0.178,NA,3.08,0.565
"Yang et al., 2008",Middle,84.94,31.91,4785,228.7,0.67,21.4339269,8.4,58.05,27.75,14.2,41.5,45.9,0.1716,NA,5.86,0.733
"Yang et al., 2008",Middle,85.15,31.03,4703,259.3,1.67,22.2193659,8.65,61,24.25,14.75,19.6,61.2,0.1513,NA,3.82,1.1435
"Yang et al., 2008",Middle,85.77,29.81,5168,315.9,2.96,24.375,8,61.4,25.1,13.55,40.5,36.5,0.2451,NA,1.16,1.122
"Yang et al., 2008",Middle,100.89,36.32,3277,472.9,1.18,42.29874776,8.15,34.9,44.45,20.6,126.9,261.9,0.4873,NA,11.39,0.974
"Yang et al., 2008",Middle,100.46,36.12,2934,434.9,1.13,39.07457323,8.2,35.1,43.6,21.3,36.3,167.4,0.2253,NA,3.68,0.8925
"Yang et al., 2008",Middle,100.39,36.09,2990,426.4,1.16,38.2078853,8.25,34.8,40.65,24.55,70.7,117,0.2305,NA,4.8,1.007
"Yang et al., 2008",Middle,100.22,36,3078,415.6,1.1,37.44144144,8.1,40.8,32.3,26.95,73.5,152.2,0.3525,NA,12.45,1.051
"Yang et al., 2008",Middle,100.07,35.93,3231,397.5,1.13,35.71428571,8.05,42.8,25.25,31.95,121.6,211.3,0.5149,NA,14.91,1.01
"Yang et al., 2008",Middle,100.23,35.76,3184,423.2,1.2,37.78571429,8.1,39.7,37.1,23.2,78.9,221.8,0.5078,NA,13.48,1.0105
"Yang et al., 2008",Middle,100.78,35.59,3253,488.8,1.23,43.52626892,7.95,31.7,46,22.35,70.1,296.8,0.5751,NA,7.1,1.1035
"Yang et al., 2008",Middle,100.93,35.35,3253,521.3,1.27,46.2555457,7.75,31.3,47.6,21.1,82,290.2,0.6205,NA,9.93,1.268
"Yang et al., 2008",Middle,99.18,35.36,4158,367.2,0.67,34.41424555,8.15,38.35,39.6,22.05,47.6,59,0.2587,NA,3.82,0.965
"Yang et al., 2008",Middle,99.39,35.43,4002,371.6,0.84,34.2804428,7.9,37.15,44.35,18.55,60.8,123.1,0.4604,NA,6.17,1.0835
"Yang et al., 2008",Middle,99.48,35.44,4089,380.2,0.87,34.97700092,8.15,35.6,44.55,19.85,57.4,122.2,0.5204,NA,8.78,1.175
"Yang et al., 2008",Middle,98.58,34.99,4297,371.1,-0.12,37.56072874,8,44.3,36.05,19.65,56.5,68.2,0.315,NA,7.07,1.3875
"Yang et al., 2008",Middle,98.45,34.85,4219,375.3,-0.28,38.61111111,8,45.2,36.15,18.65,64.5,75,0.3984,NA,6.77,1.2165
"Yang et al., 2008",Middle,98.25,34.88,4229,363.9,-0.53,38.42661035,8.1,47.9,34.9,17.2,54.6,67,0.2616,NA,3.86,1.075
"Yang et al., 2008",Middle,98.21,34.9,4254,352.6,-0.5,37.11578947,8.05,45.5,38.25,16.3,62.7,65.8,0.2511,NA,3.35,1.0845
"Yang et al., 2008",Middle,98.14,34.93,4219,349.2,-0.52,36.83544304,8.1,48.9,33.75,17.35,62.2,63,0.2527,NA,3.58,1.042
"Yang et al., 2008",Middle,98.07,35.01,4236,336.8,-0.39,35.04682622,8.1,47.4,33.7,18.9,57.5,50.3,0.2154,NA,1.86,1.2875
"Yang et al., 2008",Middle,95.8,34.14,4226,418,-0.38,43.45114345,7.95,44.6,36.45,18.95,56.5,118,0.4837,NA,7.79,1.15
"Yang et al., 2008",Middle,92.4,34.17,4596,344.8,-2.5,45.97333333,8.1,53.05,28.9,18.05,96.5,62.3,0.3077,NA,3.73,0.844
"Yang et al., 2008",Middle,93.1,35.25,4634,277.4,-2.98,39.51566952,7.85,46.4,35.25,18.35,20.1,30.4,0.1769,NA,1.33,0.902
"Yang et al., 2008",Middle,93.37,35.36,4536,275.9,-2.58,37.18328841,7.85,43.1,34.2,22.65,42.8,37.6,0.195,NA,2.93,1.024
"Yang et al., 2008",Middle,93.65,35.49,4506,274.8,-2.2,35.23076923,8,46.05,36.15,17.8,38.8,31.4,0.1241,NA,2.51,0.695
"Yang et al., 2008",Middle,94.3,35.75,4144,259.7,-1.24,29.64611872,7.9,45.05,36.35,18.6,17.7,67.6,0.2276,NA,0.39,0.9895
"Yang et al., 2008",Middle,80.75,32.52,4442,103.4,2.19,8.482362592,8,57.5,29.85,12.65,15.3,25.1,0.1179,NA,0.9,0.8145
"Yang et al., 2008",Middle,81.18,32.35,4528,119.6,2.3,9.723577236,8.45,51.15,35.7,13.15,28.5,26.3,0.1211,NA,2.32,0.517
"Yang et al., 2008",Middle,81.35,32.18,4647,132.3,2.47,10.60946271,7.9,50.4,33.65,15.9,14.2,36.6,0.1477,NA,1.59,0.6045
"Yang et al., 2008",Middle,81.67,32.18,4891,139.4,2.48,11.16987179,8.05,46.25,34.1,19.6,13.3,42.4,0.1626,NA,4.43,0.637
"Yang et al., 2008",Middle,82.42,32.32,4642,166.8,2.14,13.73970346,8.2,57.5,28.2,14.3,14.3,50.3,0.1914,NA,3.64,0.54
"Yang et al., 2008",Middle,82.55,32.53,4388,166.8,1.99,13.91159299,8.3,54.95,30.6,14.45,17.9,23,0.1125,NA,2.63,0.5655
"Yang et al., 2008",Middle,82.85,32.52,4418,178.4,1.9,14.99159664,8.5,54.8,30.1,15.1,9.8,19.6,0.1039,NA,3.89,0.5725
"Yang et al., 2008",Middle,83.97,32.3,4414,225.8,1.6,19.46551724,8.5,47.4,31.2,21.4,13.4,27.8,0.125,NA,2.88,0.472
"Yang et al., 2008",Middle,83.47,32.37,4537,206.5,1.8,17.5,8.4,48.2,32.2,19.55,12.7,52.6,0.1647,NA,5.56,0.6015
"Yang et al., 2008",Middle,83.3,32.42,4491,199,1.81,16.85012701,8.6,50.2,31.75,18,11.9,48.8,0.1941,NA,3.81,0.5895
"Yang et al., 2008",Middle,84.1,32.33,4445,229.6,1.56,19.8615917,8.5,46.1,32.65,21.25,19.8,31.1,0.1335,NA,4.53,0.6625
"Yang et al., 2008",Middle,84.17,32.4,4489,229.4,1.51,19.93049522,8.55,47.9,33.3,18.85,50.8,44,0.1572,NA,1.82,0.4395
"Yang et al., 2008",Middle,84.17,32.4,4483,229.4,1.51,19.93049522,8.55,47.9,33.3,18.85,54.3,44,0.1572,NA,4.58,0.4395
"Yang et al., 2008",Middle,84.27,32.55,4622,230.4,1.42,20.17513135,8.6,38.65,40.1,21.25,25.3,44.3,0.1505,NA,5.4,0.5045
"Yang et al., 2008",Middle,84.25,32.65,4643,227.9,1.38,20.02636204,8.6,39.75,35.65,24.55,19.1,44.7,0.1491,NA,4.89,0.594
"Yang et al., 2008",Middle,84.2,32.8,4681,219.4,1.31,19.39876216,8.5,43.9,37.85,18.3,17,47,0.1391,NA,2.6,0.618
"Yang et al., 2008",Middle,84.05,32.95,4731,215,1.32,18.99293286,8.5,43.25,36.65,20.1,26.7,23.9,0.117,NA,2.88,0.634
"Yang et al., 2008",Middle,83.98,32.17,4794,231.4,1.78,19.6434635,8.45,51.85,32.65,15.5,37.7,40.9,0.1588,NA,3.86,0.6385
"Yang et al., 2008",Middle,84,32.2,4608,232,1.62,19.96557659,8.6,56.6,26.3,17.1,15.9,53.9,0.1923,NA,2.82,0.5275
"Yang et al., 2008",Middle,84.12,32.28,4441,235.9,1.58,20.37132988,8.5,49.1,32.3,18.6,13.4,42.5,0.1212,NA,2.89,0.4715
"Yang et al., 2008",Middle,84.57,32.2,4504,250,1.41,21.91060473,8.6,55.9,28.85,15.25,17.7,44.2,0.1315,NA,3.75,0.579
"Yang et al., 2008",Middle,85.03,32.17,4442,269.6,1.35,23.75330396,8.5,56.8,26.65,16.55,13.1,28.4,0.1265,NA,3.39,0.5195
"Yang et al., 2008",Middle,87.87,31.88,4550,362.1,0.56,34.28977273,8.4,49.8,32.2,17.95,18.9,58.6,0.1489,NA,3.74,0.6915
"Yang et al., 2008",Middle,101.31,37.61,3192,423.7,0.78,39.30426716,7.8,40.4,37.65,21.95,347.5,339.5,0.7587,NA,23.41,1.6675
"Yang et al., 2008",Middle,101.24,37.61,3204,417.6,0.73,38.91891892,7.9,40.9,39,20.1,149.8,325.8,0.6985,NA,10.06,1.4835
"Yang et al., 2008",Middle,101.31,37.64,3315,423.7,0.78,39.30426716,7.85,39.95,36.7,23.3,212.2,322.2,0.7587,NA,31.45,1.511
"Yang et al., 2008",Middle,101.03,37.02,3179,351.2,0.83,32.42843952,8,37.6,41.9,20.5,186.3,392.2,0.6963,NA,30.46,1.262
"Yang et al., 2008",Middle,100.11,37.42,3390,335.5,0.23,32.79569892,8.05,39.3,40.2,20.5,116.2,275.5,0.7516,NA,12.36,1.362
"Yang et al., 2008",Middle,94.28,35.71,4380,277.3,-1.56,32.85545024,7.7,46.55,33.9,19.55,164.8,63.4,0.2138,NA,8.23,0.9255
"Yang et al., 2008",Middle,93.32,35.33,4556,307.9,-2.79,42.70457698,7.8,45.7,33.4,20.95,54.6,35.2,0.1568,NA,3.51,1.1585
"Yang et al., 2008",Middle,92.36,33.95,4616,346.2,-2.59,46.72064777,8.2,51.15,33.6,15.25,59.9,48.6,0.2276,NA,1.32,0.69
"Yang et al., 2008",Middle,91.87,33.32,4867,361.4,-2.15,46.03821656,7.7,53.3,31.05,15.7,146.8,43.7,0.228,NA,6,1.602
"Yang et al., 2008",Middle,91.68,32.19,4628,405.9,-0.94,44.8013245,7.75,67.15,18.8,14.05,189.8,72,0.4854,NA,4.69,1.275
"Yang et al., 2008",Middle,92.9,34.79,4682,325.2,-2.96,46.19318182,7.95,46.35,36.1,17.6,117.2,86.5,0.4539,NA,8.32,1.0545
"Yang et al., 2008",Middle,91.86,31.58,4594,441.7,0.13,43.60315893,7.45,60.15,22.7,17.15,111.1,189,0.5918,NA,4.75,1.5015
"Yang et al., 2008",Middle,91.33,31.51,4663,417.8,0.18,41.04125737,7.5,56.45,28.1,15.4,80.5,211,0.432,NA,4.46,1.2625
"Yang et al., 2008",Middle,90.01,31.43,4741,323.8,0.31,31.40640155,7.75,57.75,23.6,18.65,33.8,71.4,0.2896,NA,3.32,0.747
"Yang et al., 2008",Middle,85.32,30.38,5004,288.6,2.4,23.27419355,7.95,60.25,25.4,14.3,61.5,64.9,0.2494,NA,3.63,1.226
"Yang et al., 2008",Middle,86.73,29.41,4603,327.5,3.85,23.64620939,8.2,54.05,29.1,16.9,31.8,131,0.4364,NA,6.52,0.8305
"Yang et al., 2008",Middle,87.21,29.25,4546,324.5,4.43,22.48787249,8,50.65,32.7,16.65,15.8,69,0.3646,NA,8.12,0.863
"Yang et al., 2008",Middle,90.62,30.2,4583,413.5,3.87,29.81254506,7.15,54.2,31,14.8,90,204.6,0.5047,NA,5.12,0.942
"Yang et al., 2008",Middle,91.06,30.45,4302,453.6,3.12,34.57317073,7.25,49.55,34.5,15.95,162.8,211.7,0.5936,NA,5.79,1.2115
"Yang et al., 2008",Middle,91.54,30.62,4550,471.6,2.5,37.728,7.2,57.9,25.75,16.35,145.3,201.9,0.5815,NA,7.28,1.6535
"Yang et al., 2008",Middle,91.69,31.07,4720,459,1.34,40.47619048,7.5,62.5,20.7,16.75,79.4,97.9,0.4797,NA,6.3,1.315
"Yang et al., 2008",Middle,100.49,35.57,3304,456.3,1.24,40.59608541,7.9,30.8,47.75,21.4,92.7,360.6,0.7377,NA,23.63,1.077
"Yang et al., 2008",Middle,100.77,35.08,3565,524.9,1.29,46.49247121,8.05,33.4,45.15,21.45,140.9,365.3,0.7738,NA,32.01,1.357
"Yang et al., 2008",Middle,100.82,34.86,3650,551.1,1.33,48.6407767,7.5,35.4,44.9,19.7,242.7,331,0.7347,NA,29.93,1.2935
"Yang et al., 2008",Middle,100.22,34.53,3717,526.8,1.22,46.95187166,7.75,34.55,46.55,18.85,151.3,236.2,0.7581,NA,34.64,1.2745
"Yang et al., 2008",Middle,97.14,33.82,4443,485.2,-0.48,50.96638655,7.4,42.25,38.35,19.45,43.9,159.8,0.6575,NA,16.24,1.614
"Yang et al., 2008",Middle,97.02,33.76,4589,495.9,-0.21,50.65372829,7.05,42.5,37.15,20.3,139.4,142.7,0.5911,NA,14.47,1.7445
"Yang et al., 2008",Middle,96.73,33.81,4142,475.2,-0.11,48.04853387,7.6,41.45,40.5,18.1,65.3,149.5,0.6408,NA,12.53,1.549
"Yang et al., 2008",Middle,96.37,33.97,4229,456.2,-0.11,46.12740142,7.7,39.95,38.9,21.15,172.2,140.8,0.6241,NA,10.6,1.7305
"Yang et al., 2008",Middle,96.2,34.1,4363,427.2,-0.3,44.04123711,7.9,43.8,37.45,18.75,109.3,137.4,0.607,NA,9.11,1.4355
"Yang et al., 2008",Middle,95.7,33.95,4161,448.8,-0.2,45.79591837,7.95,44.2,37.25,18.55,189.5,136.6,0.6048,NA,9.11,1.2335
"Yang et al., 2008",Middle,95.87,33.73,4264,477.4,0.17,46.94198623,7.6,40.85,39.3,19.8,123.4,150.2,0.5838,NA,10.86,1.678
"Yang et al., 2008",Middle,96.36,33.28,4292,548,1.42,47.98598949,7.4,40.9,37.6,21.45,50.6,191.8,0.6448,NA,8.14,1.349
"Yang et al., 2008",Middle,96.57,33.21,4257,548.7,1.52,47.63020833,7.35,42.7,37.5,19.8,35.8,160.5,0.6693,NA,14.7,1.3845
"Yang et al., 2008",Middle,96.91,33.02,3901,573,2.34,46.43435981,7.4,40.4,40.95,18.7,49.7,218,0.5606,NA,7.49,1.485
"Yang et al., 2008",Middle,97.16,32.81,3900,592.6,2.79,46.33307271,7.35,38,40.75,21.15,90.2,282.2,0.7154,NA,9.25,1.621
"Yang et al., 2008",Middle,97.1,32.81,3888,592.6,2.83,46.18862042,7.4,36.75,41.25,22.05,99.5,288.4,0.7194,NA,10.67,1.6885
"Yang et al., 2008",Middle,96.74,32.89,4286,593.5,2.74,46.5855573,7.25,41.35,40.9,17.8,255.9,206.7,0.6156,NA,11.92,1.6175
"Yang et al., 2008",Middle,96.56,32.6,3958,613.8,3.14,46.71232877,7.55,37.05,39.7,23.25,146.3,235,0.6812,NA,5.33,1.347
"Yang et al., 2008",Middle,96.4,32.52,4010,624.2,3.32,46.86186186,7.5,38.45,38.9,22.6,121.8,254.8,0.6983,NA,5.51,1.249
"Yang et al., 2008",Middle,96.4,32.2,3801,649.2,4.05,46.20640569,7.45,31.85,46.05,22.2,112.9,239.5,0.6612,NA,13.59,1.3065
"Yang et al., 2008",Middle,96.39,32,4191,651.8,4.31,45.54856744,7,32.85,47.1,20,54.6,231.2,0.6729,NA,12.24,1.259
"Yang et al., 2008",Middle,95.38,31.49,4288,686.3,3.76,49.87645349,6.8,44.3,37.4,18.3,97.9,212.7,0.6301,NA,15.4,1.438
"Yang et al., 2008",Middle,93.95,31.93,4113,694,1.72,59.21501706,7.2,52.05,30.8,17.2,100.4,191.8,0.658,NA,5.19,1.6095
"Yang et al., 2008",Middle,93.54,31.85,4475,693.7,1.37,61.0114336,6.75,46.5,36,17.5,98.2,183.4,0.5351,NA,7.88,1.851
"Yang et al., 2008",Middle,93.14,31.93,4478,659.2,0.75,61.32093023,7.25,50.9,32.8,16.35,122.6,208.3,0.6967,NA,11,1.7275
"Yang et al., 2008",Middle,92.9,31.84,4307,650.5,0.69,60.85126286,7.3,51.75,31.2,17.05,77.8,206,0.6153,NA,10,1.2645
"Yang et al., 2008",Middle,92.9,31.83,4330,650.5,0.69,60.85126286,7.25,51.2,29.75,19,86.8,203.5,0.6153,NA,14.15,1.363
"Yang et al., 2008",Middle,92.87,31.83,4287,642.3,0.6,60.59433962,7.45,51.25,31.05,17.75,99.6,202.6,0.6158,NA,7.34,1.21
"Yang et al., 2008",Middle,92.87,31.83,4286,642.3,0.6,60.59433962,7.45,51.25,31.05,17.75,101.2,202.6,0.6158,NA,9.78,1.21
"Yang et al., 2008",Middle,92.87,31.83,4290,642.3,0.6,60.59433962,7.45,51.25,31.05,17.75,87.3,202.6,0.6158,NA,6.15,1.21
"Yang et al., 2008",Middle,92.89,31.83,4316,642.3,0.6,60.59433962,7.3,51.95,30.35,17.7,81.3,210.2,0.6158,NA,13.37,1.4335
"Yang et al., 2008",Middle,92.9,31.83,4340,650.5,0.69,60.85126286,7.25,51.2,29.75,19,59.1,203.5,0.6153,NA,10.17,1.363
"Yang et al., 2008",Middle,91.69,31.01,4758,577.3,1.74,49.17376491,7.65,55.9,29,15.1,75.7,119.8,0.4679,NA,6.23,1.142
"Yang et al., 2008",Middle,91.69,31.09,4738,577.3,1.74,49.17376491,7.55,61.3,22,16.7,57.5,140.5,0.4797,NA,7.9,1.4395
"Yang et al., 2008",Middle,91.85,31.71,4646,573.6,0.16,56.45669291,7.5,59.95,22.8,17.2,57.7,178.7,0.6071,NA,8.98,1.33
"Yang et al., 2008",Middle,91.87,33.22,4853,452.7,-2.02,56.72932331,7.7,53.85,30.6,15.55,42.8,47.6,0.2917,NA,7.04,1.088
"Nie et al., 2019",Middle,102.38,36.72,3323,626.9,-0.02,62.81563126,7,31.9,44.85,23.25,NA,484.5,0.8183,NA,50.4572,1.442
"Nie et al., 2019",Middle,101.99,37.4,3277,639.3,-1.42,74.51048951,8,28.75,45.7,25.55,NA,323,0.741,NA,32.12483,1.476
"Nie et al., 2019",Middle,101.85,37.24,3031,647,-0.3,66.70103093,7.85,33.65,42.2,24.15,NA,411.2,0.7808,NA,47.16622,1.488
"Nie et al., 2019",Middle,100.21,34.45,3857,686.1,-1.04,76.57366071,7.85,35.75,42.8,21.4,NA,284.8,0.7944,NA,22.40653,1.4005
"Nie et al., 2019",Middle,100.92,32.9,3824,884.5,0,88.45,6.85,34.85,47.1,18.05,NA,341.1,0.7716,NA,18.9508,1.514
"Nie et al., 2019",Middle,100.66,32.89,3853,864.8,0.53,82.12725546,7,34.85,45.6,19.55,NA,315.4,0.7431,NA,21.15866,1.5155
"Nie et al., 2019",Middle,101.34,33.38,4115,912,-1.48,107.0422535,6.8,31.2,50.15,18.65,NA,342.8,0.7568,NA,29.87432,1.598
"Nie et al., 2019",Middle,101.35,33.37,4109,921.8,-0.88,101.0745614,6.9,33.15,46.1,20.8,NA,309.5,0.799,NA,23.07345,1.6615
"Nie et al., 2019",Middle,100.63,33.27,3737,845.3,0.41,81.20076849,7.3,32.6,45.4,22,NA,310.6,0.8179,NA,58.82514,1.388
"Nie et al., 2019",Middle,102.24,35.42,3455,749.9,0.03,74.76570289,7.65,32.65,49.95,17.45,NA,472.3,0.817,NA,26.48125,1.105
"Nie et al., 2019",Middle,102.23,35.41,3495,759.4,-0.23,77.72773797,7.35,30.65,50.65,18.7,NA,472.8,0.817,NA,33.6467,1.081
"Nie et al., 2019",Middle,102.25,35.53,3220,701.4,1.88,59.04040404,6.75,35.3,43.25,21.45,NA,382.6,0.7517,NA,55.46933,0.9905
"Nie et al., 2019",Middle,102.25,35.41,3570,769.3,-0.84,83.98471616,7.55,34.2,47.35,18.45,NA,404.6,0.7778,NA,45.13528,1.1745
"Nie et al., 2019",Middle,101.85,35.23,3503,763.8,0.4,73.44230769,7.75,32.85,46.3,20.85,NA,311.4,0.7445,NA,38.99922,1.146
"Nie et al., 2019",Middle,101.41,37.38,3389,659,-2.4,86.71052632,7.7,37.8,39.65,22.55,NA,288.1,0.7432,NA,35.15045,1.3345
"Nie et al., 2019",Middle,100.35,38.09,2975,519,-2.51,69.29238985,8.05,39.3,39.45,21.3,NA,312.3,0.7471,NA,36.7711,1.0715
"Nie et al., 2019",Middle,100.24,38.06,3681,559,-5.59,126.7573696,7.9,39.95,39.35,20.7,NA,246.3,0.5524,NA,5.88213,1.38
"Nie et al., 2019",Middle,96.86,33.04,4203,616.6,-1.63,73.66786141,7.4,35.7,44.35,19.9,NA,282.2,0.779,NA,13.20275,1.548
"Nie et al., 2019",Middle,96.84,33.03,4496,646.5,-3.62,101.3322884,7.35,40.15,39.1,20.8,NA,293.6,0.7894,NA,26.62592,1.544
"Nie et al., 2019",Middle,96.85,33.04,4132,603.3,-0.93,66.51598677,7.4,39.3,41.2,19.45,NA,268.6,0.779,NA,29.9123,1.5435
"Nie et al., 2019",Middle,96.58,31.88,4081,603.5,1.27,53.54924579,6.65,33.35,48.4,18.25,NA,270.2,0.6917,NA,27.172,1.605
"Nie et al., 2019",Middle,96.89,31.88,4435,637,-0.93,70.23153252,6.65,38.85,43.1,18,NA,334.1,0.7044,NA,12.32216,1.2515
"Nie et al., 2019",Middle,95.3,32.89,4208,558.9,0.99,50.85532302,7.55,39.6,42,18.3,NA,175.8,0.6097,NA,23.70577,1.4035
"Nie et al., 2019",Middle,97.12,33.33,4137,601.2,-0.51,63.35089568,7.35,38.6,41.8,19.6,NA,246.6,0.7414,NA,48.61274,1.375
"Nie et al., 2019",Middle,96.99,33.36,3660,545.3,3.38,40.754858,7.6,40.9,39.1,20,NA,177.3,0.6772,NA,15.01524,1.361
"Nie et al., 2019",Middle,99.16,37.17,3559,397.4,-0.95,43.91160221,8.25,43.4,36.25,20.35,NA,328.4,0.6696,NA,37.2051,0.86
"Nie et al., 2019",Middle,99.32,37.53,3540,454.1,-3.93,74.81054366,8.05,39.15,42.8,18.05,NA,283,0.6933,NA,32.08468,1.339
"Nie et al., 2019",Middle,99.33,37.53,3673,462.5,-4.34,81.71378092,8.15,38.85,42.95,18.2,NA,261.7,0.6933,NA,16.15654,1.298
"Nie et al., 2019",Middle,97.26,37.45,3475,286.7,-0.25,29.40512821,8.1,47.55,33.95,18.5,NA,174.4,0.2582,NA,2.65473,0.601
"Nie et al., 2019",Middle,101.57,36.37,3537,706.2,-0.91,77.68976898,8.05,33.6,46.1,20.3,NA,378.1,0.7568,NA,22.24714,1.346
"Nie et al., 2019",Middle,102.24,36.28,2965,638.7,1.72,54.49658703,8.3,23.4,51.4,25.2,NA,510.1,0.7708,NA,39.64936,1.065
"Nie et al., 2019",Middle,101.96,36.27,3172,671.5,1.08,60.60469314,8,33.7,46.5,19.8,NA,477.7,0.7694,NA,28.81773,1.682
"Nie et al., 2019",Middle,102.13,37,3147,638.2,-0.92,70.28634361,8.1,26.85,48.35,24.8,NA,399.5,0.7428,NA,39.09059,1.4575
"Nie et al., 2019",Middle,101.43,37.29,3227,685.5,-1.33,79.06574394,7.95,34.6,42.75,22.65,NA,344.8,0.8064,NA,61.79537,1.375
"Nie et al., 2019",Middle,100.65,36.13,2869,515.7,5.09,34.1749503,8.3,35.8,42.15,22,NA,175.6,0.3087,NA,6.94967,0.8985
"Nie et al., 2019",Middle,100.74,35.47,3596,630.6,0.25,61.52195122,7.85,27,47.25,25.75,NA,392.2,0.7181,NA,54.00637,1.4355
"Nie et al., 2019",Middle,101.55,36.38,3153,669.2,0.35,64.65700483,8.1,27.3,51.35,21.35,NA,429,0.7568,NA,40.87879,1.374
"Nie et al., 2019",Middle,98.52,36.9,2951,290.5,3.2,22.00757576,8.35,44.75,38.3,16.95,NA,123.8,0.2476,NA,7.02582,0.4885
"Nie et al., 2019",Middle,98.2,36.99,2965,280.1,4.11,19.85116938,8.3,50.4,33.85,15.75,NA,56.3,0.247,NA,8.31207,0.3985
"Nie et al., 2019",Middle,97.63,37.05,2913,241.2,4.56,16.56593407,8.2,45.7,40,14.3,NA,32.4,0.1151,NA,1.89132,0.475
"Nie et al., 2019",Middle,94.98,36.55,2740,48.4,5.38,3.146944083,8.3,54.35,28.2,17.5,NA,52.1,0.2242,NA,5.54835,0.456
"Nie et al., 2019",Middle,98.39,36.45,3398,307.6,0.29,29.8931001,8.2,47.05,32.1,20.8,NA,44.1,0.1798,NA,5.64623,0.711
"Nie et al., 2019",Middle,96.25,36.49,2717,68.9,5.76,4.371827411,8.4,50.45,31.7,17.85,NA,42.4,0.1705,NA,4.78552,0.415
"Nie et al., 2019",Middle,98.57,36.86,2971,293.6,3.75,21.35272727,8.2,45.6,38.65,15.7,NA,33.8,0.123,NA,8.68175,0.7245
"Nie et al., 2019",Middle,98.54,36.87,2957,284.9,3.33,21.37284321,8.2,47.45,35.85,16.7,NA,56.4,0.2476,NA,4.0189,0.538
"Nie et al., 2019",Middle,97.12,37.35,2917,202.3,4.47,13.98064962,8.4,50.25,35.05,14.75,NA,88.3,0.4241,NA,2.90441,0.4555
"Nie et al., 2019",Middle,97.86,37.04,2986,251.3,3.83,18.17064353,8.2,46.2,38.1,15.7,NA,40.2,0.1585,NA,6.28976,0.6395
"Nie et al., 2019",Middle,97.41,37.26,2896,224.2,4.23,15.75544624,8.3,46.65,35.9,17.45,NA,41.2,0.1636,NA,1.4886,0.523
"Nie et al., 2019",Middle,97.51,37.22,2866,238.9,4.55,16.41924399,8.3,49.8,35.05,15.15,NA,57,0.251,NA,5.9896,0.5315
"Nie et al., 2019",Middle,94.53,35.88,3580,112.5,0.96,10.26459854,8.1,47.95,32.6,19.45,NA,37.7,0.1444,NA,4.44788,0.8475
"Nie et al., 2019",Middle,94.51,35.88,3595,114.2,0.73,10.64305685,8,46.65,34.25,19.1,NA,37.7,0.1444,NA,1.29032,0.8795
"Nie et al., 2019",Middle,97.41,36,3103,200.9,4.69,13.67597005,8.15,45.05,38.05,16.85,NA,46.8,0.1947,NA,2.29688,0.5095
"Nie et al., 2019",Middle,98.67,36.41,3659,351.9,-2.83,49.07949791,8.05,45.15,34.5,20.3,NA,66.6,0.1768,NA,7.11431,0.82
"Sun et al., 2020",Deep,80.84,31.17,4548.95,112.39,0.79,10.41612604,7.5,61.3,27,11.7,21.59,60.8,0.214,12,2.6946792,0.4905208
"Sun et al., 2020",Deep,81.98,32.07,4597.22,134.67,0.52,12.8013308,8.4,55,30.4,14.6,26.79,53.7,0.1308,5.5,9.810416,0.310557
"Sun et al., 2020",Deep,83.11,30.19,4582.93,217.96,0.75,20.27534884,8,73.2,16.8,10,19.58,57.2,0.1408,9,36.8272824,2.3697888
"Sun et al., 2020",Deep,86.28,28.8,4420.09,335.85,2.68,26.48659306,7.6,49.8,31.9,18.3,60.45,54.3,0.2004,11.76,9.810416,0.652966
"Sun et al., 2020",Deep,88.52,31.78,4548.09,372.56,1.14,33.44344704,8.2,55.6,31.2,13.2,28.74,84.8,0.1847,9.6,20.719726,0.923708
"Sun et al., 2020",Deep,90.36,28.9,4542.88,355.52,3.36,26.61077844,7.4,53,35.7,11.3,80.18,129,0.3464,53.33,20.04552533,2.792358667
"Sun et al., 2020",Deep,91.59,29.79,3930,476.53,6.45,28.96838906,7.5,48.7,32.6,18.7,116.67,322.7,0.6988,79.98,4.013352,0.652966
"Sun et al., 2020",Deep,94.73,29.68,3454.3,581.4,6.2,35.88888889,6.1,49.1,37.4,13.5,108.7,299.3,0.8204,90.5,36.8272824,2.3697888
